{
  "project_info": {
    "project_number": "421470630243",
    "project_id": "authentication-f43eb",
    "storage_bucket": "authentication-f43eb.appspot.com"
  },
  "client": [
    {
      "client_info": {
        "mobilesdk_app_id": "1:421470630243:android:6fd8ec4e96b7205513e356",
        "android_client_info": {
          "package_name": "com.example.minggu11"
        }
      },
      "oauth_client": [
        {
          "client_id": "421470630243-d1ai6bl871lbse1ltmkuskdrlvmftp6p.apps.googleusercontent.com",
          "client_type": 3
        }
      ],
      "api_key": [
        {
          "current_key": "AIzaSyD8sKu7qBWQrs6VJ_fTR_b13adYRiR11kY"
        }
      ],
      "services": {
        "appinvite_service": {
          "other_platform_oauth_client": [
            {
              "client_id": "421470630243-d1ai6bl871lbse1ltmkuskdrlvmftp6p.apps.googleusercontent.com",
              "client_type": 3
            }
          ]
        }
      }
    }
  ],
  "configuration_version": "1"
}